epoch,deterministic,uniform_v1
1,924.8196261300609,-680.5031666109255
2,707.0036370303704,263.2385212271696
