epoch,deterministic,uniform_v1
1,780.5615357974215,-1452.0055455411953
2,752.2843094979513,375.3700170292659
