epoch,deterministic,uniform_v1
1,964.1520380484911,-41.08561317638283
2,820.1112310797347,582.3753478049161
