epoch,deterministic,uniform_v1
1,884.7230742208656,-1478.4313494683643
2,717.8224606244813,330.56889704702456
