epoch,deterministic,uniform_v1
1,957.420285969034,-696.4981594873809
2,837.6219459173428,656.2681129768666
