epoch,deterministic,uniform_v1
1,907.0634387952072,-1113.476888687578
