epoch,deterministic,uniform_v1
1,958.6668973206172,-606.2787025658414
2,795.6721862601813,442.7509684816687
