epoch,deterministic,uniform_v1
1,948.5108200713578,-578.3620240700035
2,829.8350942836918,543.3138375623364
