epoch,deterministic,uniform_v1
1,914.9683400226731,-644.847650591387
2,797.4507150501591,597.2725648957578
